"time","workingSetMB","privateMB"
"2026-09-26T23:49:36.8431483+08:00","24.64","99.24"
"2026-09-26T23:49:37.3762506+08:00","124.2","289.13"
"2026-09-26T23:49:37.8996071+08:00","124.23","289.13"
"2026-09-26T23:49:38.4122223+08:00","124.23","289.13"
"2026-09-26T23:49:38.9224045+08:00","230.25","540.74"
"2026-09-26T23:49:39.4447904+08:00","414.77","1299.55"
"2026-09-26T23:49:39.9619202+08:00","416.16","1299.55"
"2026-09-26T23:49:40.4830454+08:00","417.78","1299.55"
"2026-09-26T23:49:40.9983060+08:00","422.49","1301.87"
"2026-09-26T23:49:41.5281364+08:00","425.71","1303.48"
"2026-09-26T23:49:42.0487416+08:00","470.12","1497.32"
"2026-09-26T23:49:42.5612705+08:00","471.93","1498.16"
"2026-09-26T23:49:43.0860840+08:00","472.74","1498.29"
"2026-09-26T23:49:43.6114054+08:00","473.34","1498.29"
"2026-09-26T23:49:44.1233981+08:00","473.87","1498.34"
"2026-09-26T23:49:44.6335891+08:00","474.26","1498.36"
"2026-09-26T23:49:45.1500458+08:00","474.58","1493.9"
"2026-09-26T23:49:45.6637006+08:00","474.31","1493.63"
"2026-09-26T23:49:46.1733893+08:00","481.33","1530.47"
"2026-09-26T23:49:46.6954270+08:00","483.77","1530.47"
"2026-09-26T23:49:47.2202990+08:00","485.79","1530.48"
"2026-09-26T23:49:47.7415972+08:00","487.73","1530.48"
"2026-09-26T23:49:48.2660718+08:00","484.52","1526.2"
"2026-09-26T23:49:48.7915993+08:00","484.82","1526.46"
"2026-09-26T23:49:49.3071948+08:00","483.3","1490.55"
"2026-09-26T23:49:49.8213244+08:00","483.3","1490.55"
"2026-09-26T23:49:50.3295126+08:00","483.3","1490.55"
"2026-09-26T23:49:50.8391602+08:00","483.3","1490.55"
"2026-09-26T23:49:51.3619789+08:00","483.3","1490.55"
"2026-09-26T23:49:51.8711839+08:00","483.3","1490.55"
"2026-09-26T23:49:52.3806563+08:00","483.29","1490.54"
"2026-09-26T23:49:52.8886859+08:00","483.29","1490.54"
"2026-09-26T23:49:53.4126340+08:00","483.29","1490.54"
"2026-09-26T23:49:53.9362219+08:00","483.29","1490.54"
"2026-09-26T23:49:54.4477079+08:00","483.29","1490.54"
"2026-09-26T23:49:54.9594476+08:00","483.29","1490.54"
"2026-09-26T23:49:55.4697375+08:00","483.29","1490.54"
"2026-09-26T23:49:55.9837514+08:00","483.29","1490.54"
"2026-09-26T23:49:56.4965439+08:00","485.27","1492.5"
"2026-09-26T23:49:57.0194861+08:00","486","1493.29"
"2026-09-26T23:49:57.5316417+08:00","486.37","1493.51"
"2026-09-26T23:49:58.0425750+08:00","486.65","1493.73"
"2026-09-26T23:49:58.5641451+08:00","486.65","1493.73"
"2026-09-26T23:49:59.0921749+08:00","486.71","1493.73"
"2026-09-26T23:49:59.6150066+08:00","486.71","1493.73"
"2026-09-26T23:50:00.1307860+08:00","486.89","1493.91"
"2026-09-26T23:50:00.6437860+08:00","486.96","1493.91"
"2026-09-26T23:50:01.1668183+08:00","488.46","1495.38"
"2026-09-26T23:50:01.6793309+08:00","488.46","1495.38"
"2026-09-26T23:50:02.2053766+08:00","488.53","1495.38"
"2026-09-26T23:50:02.7165910+08:00","488.53","1495.38"
"2026-09-26T23:50:03.2394716+08:00","488.59","1495.38"
"2026-09-26T23:50:03.7636132+08:00","491.46","1515.93"
"2026-09-26T23:50:04.2786446+08:00","491.58","1515.93"
"2026-09-26T23:50:04.7910300+08:00","491.64","1515.93"
"2026-09-26T23:50:05.3050981+08:00","491.64","1515.93"
"2026-09-26T23:50:05.8171218+08:00","491.71","1515.93"
"2026-09-26T23:50:06.3416378+08:00","492.35","1515.95"
"2026-09-26T23:50:06.8540563+08:00","493.58","1507.7"
"2026-09-26T23:50:07.3666315+08:00","493.87","1507.66"
"2026-09-26T23:50:07.8798318+08:00","493.87","1507.66"
"2026-09-26T23:50:08.4031297+08:00","493.87","1507.66"
"2026-09-26T23:50:08.9289508+08:00","493.93","1507.66"
"2026-09-26T23:50:09.4529898+08:00","500.92","1509.15"
"2026-09-26T23:50:09.9782037+08:00","500.98","1509.15"
"2026-09-26T23:50:10.4886299+08:00","500.98","1509.15"
"2026-09-26T23:50:11.0033877+08:00","500.98","1509.15"
"2026-09-26T23:50:11.5284853+08:00","501.05","1509.15"
"2026-09-26T23:50:12.0402508+08:00","501.05","1509.15"
"2026-09-26T23:50:12.5545753+08:00","501.05","1490.69"
"2026-09-26T23:50:13.0644651+08:00","501.05","1490.69"
"2026-09-26T23:50:13.5750289+08:00","501.05","1490.69"
"2026-09-26T23:50:14.0889095+08:00","501.05","1490.69"
"2026-09-26T23:50:14.6049162+08:00","501.05","1490.69"
"2026-09-26T23:50:15.1189443+08:00","501.05","1490.69"
"2026-09-26T23:50:15.6329713+08:00","500.7","1490.34"
"2026-09-26T23:50:16.1463881+08:00","500.7","1490.34"
"2026-09-26T23:50:16.6612601+08:00","500.7","1490.34"
"2026-09-26T23:50:17.1737279+08:00","500.72","1490.34"
"2026-09-26T23:50:17.6879702+08:00","500.72","1490.34"
"2026-09-26T23:50:18.2046820+08:00","500.72","1490.34"
"2026-09-26T23:50:18.7189758+08:00","500.72","1490.34"
"2026-09-26T23:50:19.2295414+08:00","500.74","1490.35"
"2026-09-26T23:50:19.7419232+08:00","445.1","1432.36"
"2026-09-26T23:50:20.2542167+08:00","263.53","592.75"
"2026-09-26T23:50:20.7622963+08:00","263.53","592.75"
"2026-09-26T23:50:21.2757686+08:00","263.52","592.75"
"2026-09-26T23:50:21.7886515+08:00","263.8","592.75"
"2026-09-26T23:50:22.3027368+08:00","263.89","592.75"
"2026-09-26T23:50:22.8166767+08:00","263.89","592.75"
"2026-09-26T23:50:23.3346857+08:00","238.13","349.9"
"2026-09-26T23:50:23.8493760+08:00","238.13","349.9"
"2026-09-26T23:50:24.3678343+08:00","239.68","349.9"
"2026-09-26T23:50:24.8842250+08:00","245.8","349.9"
"2026-09-26T23:50:25.3949835+08:00","250.87","349.9"
"2026-09-26T23:50:25.9088666+08:00","257.38","349.9"
"2026-09-26T23:50:26.4259777+08:00","259.44","347.63"
"2026-09-26T23:50:26.9489236+08:00","269.28","347.63"
"2026-09-26T23:50:27.4609700+08:00","274.19","347.63"
"2026-09-26T23:50:27.9731296+08:00","280.03","347.63"
"2026-09-26T23:50:28.4869180+08:00","285.01","347.63"
"2026-09-26T23:50:29.0099904+08:00","290.7","347.63"
"2026-09-26T23:50:29.5221130+08:00","295.83","347.63"
"2026-09-26T23:50:30.0348798+08:00","298.22","347.63"
"2026-09-26T23:50:30.5581983+08:00","300.35","347.63"
"2026-09-26T23:50:31.0806146+08:00","304.45","347.63"
"2026-09-26T23:50:31.5887621+08:00","307.57","347.63"
"2026-09-26T23:50:32.1017518+08:00","311.37","347.63"
"2026-09-26T23:50:32.6188842+08:00","317.14","347.63"
"2026-09-26T23:50:33.1316127+08:00","322.24","347.63"
"2026-09-26T23:50:33.6436718+08:00","327.15","347.63"
"2026-09-26T23:50:34.1595409+08:00","332.61","347.63"
"2026-09-26T23:50:34.6716519+08:00","335.17","347.63"
"2026-09-26T23:50:35.1891582+08:00","341.88","347.63"
"2026-09-26T23:50:35.7025986+08:00","345.89","347.63"
"2026-09-26T23:50:36.2159449+08:00","349.58","347.63"
"2026-09-26T23:50:36.7315568+08:00","356.12","347.63"
"2026-09-26T23:50:37.2444016+08:00","361.13","347.63"
"2026-09-26T23:50:37.7602801+08:00","366.38","347.63"
"2026-09-26T23:50:38.2776710+08:00","371.82","347.63"
"2026-09-26T23:50:38.7935088+08:00","372.09","347.63"
"2026-09-26T23:50:39.3127728+08:00","375.18","347.63"
"2026-09-26T23:50:39.8308619+08:00","380.23","347.63"
"2026-09-26T23:50:40.3503863+08:00","386.39","347.63"
"2026-09-26T23:50:40.8668617+08:00","389.41","347.63"
"2026-09-26T23:50:41.3818453+08:00","389.41","347.63"
"2026-09-26T23:50:41.8952182+08:00","389.41","347.63"
"2026-09-26T23:50:42.4110545+08:00","389.41","347.63"
"2026-09-26T23:50:42.9277495+08:00","389.41","347.63"
"2026-09-26T23:50:43.4471342+08:00","389.41","347.63"
"2026-09-26T23:50:43.9630589+08:00","389.41","347.63"
"2026-09-26T23:50:44.4801782+08:00","389.41","347.63"
"2026-09-26T23:50:44.9922297+08:00","389.41","347.63"
"2026-09-26T23:50:45.5093241+08:00","389.41","347.63"
"2026-09-26T23:50:46.0247651+08:00","389.41","347.63"
"2026-09-26T23:50:46.5420830+08:00","389.41","347.63"
"2026-09-26T23:50:47.0534608+08:00","389.41","347.63"
"2026-09-26T23:50:47.5645170+08:00","389.41","347.63"
"2026-09-26T23:50:48.0778709+08:00","389.41","347.63"
"2026-09-26T23:50:48.5910270+08:00","389.41","347.63"
"2026-09-26T23:50:49.1038616+08:00","389.41","347.63"
"2026-09-26T23:50:49.6260755+08:00","389.41","347.63"
"2026-09-26T23:50:50.1368414+08:00","389.41","347.63"
"2026-09-26T23:50:50.6523039+08:00","389.41","347.63"
"2026-09-26T23:50:51.1683427+08:00","389.41","347.63"
"2026-09-26T23:50:51.6884772+08:00","389.41","347.63"
"2026-09-26T23:50:52.2009942+08:00","389.41","347.63"
"2026-09-26T23:50:52.7122651+08:00","389.41","347.63"
"2026-09-26T23:50:53.2243782+08:00","389.41","347.63"
"2026-09-26T23:50:53.7460283+08:00","389.21","347.59"
